Workbook

Sheet 1. Preprocessing
A1: ID | B1: Raw Text | C1: Cleaned & Stemmed Text
A2: D1 | B2: being forced to send an email so I can watch a show from a device that is logged into the account before on my home Wi-Fi is ridiculous. You almost killed piracy with this app... | C2: forc send email watch show devic log account home wi fi ridicul almost kill piraci applic much better kill applic
A3: D2 | B3: won't let me delete my card information, and at random times, it generates a charge to my bank account. | C3: n t let delet card inform random time gener charg bank account
A4: D3 | B4: Have to completely reset the app and delete all downloads if you accidentally touch the brightness slider. It disables androids built in brightness control. | C4: complet reset applic delet download accident touch bright slider disabl android built bright control
A5: D4 | B5: netflix is the best all-in-one entertsinment app. the interface is smooth, and the addition of high quality mobile games... | C5: netflix best all in on entertsin applic interfac smooth addit high qualiti mobil game plu tab make easi find download save titl
A6: D5 | B6: why is it too often for netflix to suddenly lagging, and I had to sign in so many times it's often failed... I bought it officially from netflix btw | C6: often netflix suddenli lag sign mani time often fail need wait never succeed bought offici netflix way
A7: D6 | B7: can't run on a Bootloader unlocked device. | C7: n t run bootload unlock devic
A8: D7 | B8: BRING BACK THE BTS PROFILE PICTURE PLEASE PLEASE PLEASE WE NEED IT ARMY NEEDS IT | C8: bring back bt profil pictur pleas pleas pleas need armi need
A9: D8 | B9: Rapidly becoming the worst streaming app available. New available content sucks... making it nearly impossible to find anything you actually WANT to watch... | C9: rapidli becom worst stream applic avail new avail content suck re constantli tri forc bad origin content well alway increas cost justifi differ price tier add advertis constantli chang layout make nearli imposs find anyth actual want watch push thing want watch would give zero star option
A10: D9 | B10: I have no complaints about the quality it’s really good and perfect for a movie marathon. My only concern is that One Piece episodes are always delayed... | C10: no complaint qualiti realli good perfect movi marathon concern one piec episod alway delay arc also miss hope add complet arc futur keep updat prici din siya honest one piec thing wait
A11: D10 | B11: I just Abit upset when there is not all movie is got to choose tamil option as audio it's really upsetting hope that Netflix could improve it tqq | C11: abit upset not movi got choos tamil option audio realli upset hope netflix could improv tqq

Sheet 2. Labeling
A1: ID | B1: Score | C1: Label Asli (Formula)
A2: D1 | B2: 1 | C2: =IF(B2>=4, "Positif", IF(B2<=2, "Negatif", "Netral"))
A3: D2 | B3: 1 | C3: =IF(B3>=4, "Positif", IF(B3<=2, "Negatif", "Netral"))
A4: D3 | B4: 1 | C4: =IF(B4>=4, "Positif", IF(B4<=2, "Negatif", "Netral"))
A5: D4 | B5: 5 | C5: =IF(B5>=4, "Positif", IF(B5<=2, "Negatif", "Netral"))
A6: D5 | B6: 2 | C6: =IF(B6>=4, "Positif", IF(B6<=2, "Negatif", "Netral"))
A7: D6 | B7: 1 | C7: =IF(B7>=4, "Positif", IF(B7<=2, "Negatif", "Netral"))
A8: D7 | B8: 5 | C8: =IF(B8>=4, "Positif", IF(B8<=2, "Negatif", "Netral"))
A9: D8 | B9: 1 | C9: =IF(B9>=4, "Positif", IF(B9<=2, "Negatif", "Netral"))
A10: D9 | B10: 2 | C10: =IF(B10>=4, "Positif", IF(B10<=2, "Negatif", "Netral"))
A11: D10 | B11: 4 | C11: =IF(B11>=4, "Positif", IF(B11<=2, "Negatif", "Netral"))

Sheet 3. TF-IDF
A1: Term | B1: DF (Formula) | C1: Nilai IDF (Formula) | D1: TF di D4 (Formula) | E1: Bobot Awal TF*IDF | F1: TF-IDF Final D4 | H1: Total Doc (N)
A2: applic | B2: =COUNTIF('1. Preprocessing'!C$2:C$11, "*"&A2&"*") | C2: =LN((1+$H$2)/(1+B2))+1 | D2: =(LEN('1. Preprocessing'!$C$5)-LEN(SUBSTITUTE('1. Preprocessing'!$C$5, A2, "")))/LEN(A2) | E2: =D2*C2 | F2: =E2/$E$8 | H2: =COUNTA('1. Preprocessing'!C2:C11)
A3: netflix | B3: =COUNTIF('1. Preprocessing'!C$2:C$11, "*"&A3&"*") | C3: =LN((1+$H$2)/(1+B3))+1 | D3: =(LEN('1. Preprocessing'!$C$5)-LEN(SUBSTITUTE('1. Preprocessing'!$C$5, A3, "")))/LEN(A3) | E3: =D3*C3 | F3: =E3/$E$8
A4: watch | B4: =COUNTIF('1. Preprocessing'!C$2:C$11, "*"&A4&"*") | C4: =LN((1+$H$2)/(1+B4))+1 | D4: =(LEN('1. Preprocessing'!$C$5)-LEN(SUBSTITUTE('1. Preprocessing'!$C$5, A4, "")))/LEN(A4) | E4: =D4*C4 | F4: =E4/$E$8
A5: good | B5: =COUNTIF('1. Preprocessing'!C$2:C$11, "*"&A5&"*") | C5: =LN((1+$H$2)/(1+B5))+1 | D5: =(LEN('1. Preprocessing'!$C$5)-LEN(SUBSTITUTE('1. Preprocessing'!$C$5, A5, "")))/LEN(A5) | E5: =D5*C5 | F5: =E5/$E$8
A6: movi | B6: =COUNTIF('1. Preprocessing'!C$2:C$11, "*"&A6&"*") | C6: =LN((1+$H$2)/(1+B6))+1 | D6: =(LEN('1. Preprocessing'!$C$5)-LEN(SUBSTITUTE('1. Preprocessing'!$C$5, A6, "")))/LEN(A6) | E6: =D6*C6 | F6: =E6/$E$8
D8: L2 Norm (Formula): | E8: =SQRT(SUMSQ(E2:E6))

Sheet 4. Klasifikasi SVM
A1: Term | B1: Bobot Model W | C1: Nilai Fitur D4 X | D1: Hasil W*X (Formula)
A2: applic | B2: 1 | C2: ='3. TF-IDF'!F2 | D2: =B2*C2
A3: netflix | B3: 1.5 | C3: ='3. TF-IDF'!F3 | D3: =B3*C3
A4: watch | B4: 0.5 | C4: ='3. TF-IDF'!F4 | D4: =B4*C4
A5: good | B5: 2 | C5: ='3. TF-IDF'!F5 | D5: =B5*C5
A6: movi | B6: 1.5 | C6: ='3. TF-IDF'!F6 | D6: =B6*C6
A7: Bias (b) | B7: 0.5
A8: TOTAL f(x) | D8: =SUM(D2:D6)+B7
A9: Prediksi D4 | D9: =IF(D8>0, "Positif", "Negatif")

Sheet 5. Evaluasi
A1: ID | B1: Label Asli | C1: Prediksi Model (Simulasi) | E1: Confusion Matrix | H1: Metrik Evaluasi
A2: D1 | B2: ='2. Labeling'!C2 | C2: Negatif | E2: True Positive (TP) | F2: =COUNTIFS(B2:B11, "Positif", C2:C11, "Positif") | H2: Accuracy | I2: =(F2+F3)/SUM(F2:F5)
A3: D2 | B3: ='2. Labeling'!C3 | C3: Negatif | E3: True Negative (TN) | F3: =COUNTIFS(B2:B11, "Negatif", C2:C11, "Negatif") | H3: Precision | I3: =F2/(F2+F4)
A4: D3 | B4: ='2. Labeling'!C4 | C4: Negatif | E4: False Positive (FP) | F4: =COUNTIFS(B2:B11, "Negatif", C2:C11, "Positif") | H4: Recall | I4: =F2/(F2+F5)
A5: D4 | B5: ='2. Labeling'!C5 | C5: Positif | E5: False Negative (FN) | F5: =COUNTIFS(B2:B11, "Positif", C2:C11, "Negatif") | H5: F1-Score | I5: =2*(I3*I4)/(I3+I4)
A6: D5 | B6: ='2. Labeling'!C6 | C6: Negatif
A7: D6 | B7: ='2. Labeling'!C7 | C7: Positif
A8: D7 | B8: ='2. Labeling'!C8 | C8: Positif
A9: D8 | B9: ='2. Labeling'!C9 | C9: Negatif
A10: D9 | B10: ='2. Labeling'!C10 | C10: Negatif
A11: D10 | B11: ='2. Labeling'!C11 | C11: Positif
